course,requisite
IBI19220,IBI19219
AKT19439,AKT19438
AKT19218,AKT19438
IBI19208,MAN19254
IBI19213,IBI19201
AKT19401,AKT19439
AKT19404,AKT19439
MAN19274,MAN19257
AKT19445,SIF19433
AKT19217,AKT19404
AKT19405,AKT19401
AKT19447,AKT19439
AKT19454,AKT19452
AKT19236,SIF19433
AKT19236,AKT19438
AKT19230,AKT19452
AKT19230,AKT19404
AKT19223,AKT19447
AKT19214,AKT19404
IBI19218,MAN19274
AKT19403,AKT19404
AKT19231,AKT19230
AKT19222,AKT19230
AKT19453,AKT19405
IBI19410,IBI19218
MAN19275,AKT19401
AKT19233,AKT19230
AKT19455,AKT19403
AKT19456,AKT19217
MAN19258,AKT19217
IBI19612,IBI19218
AKT19240,AKT19404
AKT19234,IBI19213
AKT19234,AKT19439
AKT19232,AKT19404
AKT19249,IBI19218
AKT19212,IBI19213
AKT19212,AKT19439
AKT19248,IBI19218
MAN19277,MAN19254
AKT19414,AKT19452
AKT19409,AKT19428
AKT19206,AKT19230
AKT19206,AKT19405
AKT19235,IBI19213
AKT19235,IBI19205
AKT19411,AKT19404
AKT19408,AKT19217
AKT19242,AKT19404
AKT19230,AKT19452
AKT19427,AKT19230
AKT19407,AKT19439
AKT19446,AKT19234
AKT19202,AKT19230
AKT19210,AKT19439
